모델,n,mae
EV6,70,0.49478550400589216
ID4,122,0.5599433241300686
ION5,83,0.2759176635644331
ION6,72,0.2933998423047696
IONIQ,29,5.309078687637829
KNE,71,0.5117015429422496
M3,49,0.42752244367804365
MS,55,0.5739644034681501
MX,57,0.5616480012326474
MY,65,0.5144945021373571
Niro,81,0.5478403023960872
Q4eT,70,0.2747173473870787
RSeTGT,96,0.2941399107709441
Soul,62,0.5283434214308299
Tay,69,2.1773406908761843
TayCT,65,3.023745983062295
TayGTS,72,0.33791918418035155
eT,79,0.4270073164875709
i3,86,0.27068888873268215
i5,80,0.5084181157160513
iX,67,0.5806234993679725
